,loss,accuracy,model
0,"tensor(0.0054, device='cuda:0', grad_fn=<DivBackward0>)",0.25666666666666665,TransductiveGAT
1,"tensor(0.0027, device='cuda:0', grad_fn=<DivBackward0>)",0.25666666666666665,TransductiveGAT
2,"tensor(0.0033, device='cuda:0', grad_fn=<DivBackward0>)",0.25666666666666665,TransductiveGAT
3,"tensor(0.0029, device='cuda:0', grad_fn=<DivBackward0>)",0.26666666666666666,TransductiveGAT
4,"tensor(0.0027, device='cuda:0', grad_fn=<DivBackward0>)",0.2633333333333333,TransductiveGAT
5,"tensor(0.0023, device='cuda:0', grad_fn=<DivBackward0>)",0.25666666666666665,TransductiveGAT
6,"tensor(0.0023, device='cuda:0', grad_fn=<DivBackward0>)",0.25333333333333335,TransductiveGAT
7,"tensor(0.0035, device='cuda:0', grad_fn=<DivBackward0>)",0.32666666666666666,TransductiveGAT
8,"tensor(0.0023, device='cuda:0', grad_fn=<DivBackward0>)",0.25666666666666665,TransductiveGAT
9,"tensor(0.0022, device='cuda:0', grad_fn=<DivBackward0>)",0.25666666666666665,TransductiveGAT
10,"tensor(0.0024, device='cuda:0', grad_fn=<DivBackward0>)",0.29,TransductiveGAT
11,"tensor(0.0023, device='cuda:0', grad_fn=<DivBackward0>)",0.27,TransductiveGAT
12,"tensor(0.0020, device='cuda:0', grad_fn=<DivBackward0>)",0.25333333333333335,TransductiveGAT
13,"tensor(0.0022, device='cuda:0', grad_fn=<DivBackward0>)",0.26666666666666666,TransductiveGAT
14,"tensor(0.0021, device='cuda:0', grad_fn=<DivBackward0>)",0.3466666666666667,TransductiveGAT
15,"tensor(0.0021, device='cuda:0', grad_fn=<DivBackward0>)",0.25666666666666665,TransductiveGAT
16,"tensor(0.0020, device='cuda:0', grad_fn=<DivBackward0>)",0.25666666666666665,TransductiveGAT
17,"tensor(0.0020, device='cuda:0', grad_fn=<DivBackward0>)",0.25666666666666665,TransductiveGAT
18,"tensor(0.0021, device='cuda:0', grad_fn=<DivBackward0>)",0.34,TransductiveGAT
19,"tensor(0.0021, device='cuda:0', grad_fn=<DivBackward0>)",0.29333333333333333,TransductiveGAT
20,"tensor(0.0021, device='cuda:0', grad_fn=<DivBackward0>)",0.2966666666666667,TransductiveGAT
21,"tensor(0.0020, device='cuda:0', grad_fn=<DivBackward0>)",0.27,TransductiveGAT
22,"tensor(0.0019, device='cuda:0', grad_fn=<DivBackward0>)",0.2633333333333333,TransductiveGAT
23,"tensor(0.0018, device='cuda:0', grad_fn=<DivBackward0>)",0.2633333333333333,TransductiveGAT
24,"tensor(0.0019, device='cuda:0', grad_fn=<DivBackward0>)",0.26666666666666666,TransductiveGAT
25,"tensor(0.0020, device='cuda:0', grad_fn=<DivBackward0>)",0.25666666666666665,TransductiveGAT
26,"tensor(0.0020, device='cuda:0', grad_fn=<DivBackward0>)",0.2733333333333333,TransductiveGAT
27,"tensor(0.0019, device='cuda:0', grad_fn=<DivBackward0>)",0.44333333333333336,TransductiveGAT
28,"tensor(0.0018, device='cuda:0', grad_fn=<DivBackward0>)",0.45,TransductiveGAT
29,"tensor(0.0018, device='cuda:0', grad_fn=<DivBackward0>)",0.28,TransductiveGAT
30,"tensor(0.0018, device='cuda:0', grad_fn=<DivBackward0>)",0.25666666666666665,TransductiveGAT
31,"tensor(0.0019, device='cuda:0', grad_fn=<DivBackward0>)",0.25666666666666665,TransductiveGAT
32,"tensor(0.0018, device='cuda:0', grad_fn=<DivBackward0>)",0.25666666666666665,TransductiveGAT
33,"tensor(0.0018, device='cuda:0', grad_fn=<DivBackward0>)",0.27666666666666667,TransductiveGAT
34,"tensor(0.0018, device='cuda:0', grad_fn=<DivBackward0>)",0.37666666666666665,TransductiveGAT
35,"tensor(0.0018, device='cuda:0', grad_fn=<DivBackward0>)",0.39,TransductiveGAT
36,"tensor(0.0018, device='cuda:0', grad_fn=<DivBackward0>)",0.45666666666666667,TransductiveGAT
37,"tensor(0.0018, device='cuda:0', grad_fn=<DivBackward0>)",0.35333333333333333,TransductiveGAT
38,"tensor(0.0017, device='cuda:0', grad_fn=<DivBackward0>)",0.28,TransductiveGAT
39,"tensor(0.0017, device='cuda:0', grad_fn=<DivBackward0>)",0.32666666666666666,TransductiveGAT
40,"tensor(0.0018, device='cuda:0', grad_fn=<DivBackward0>)",0.2966666666666667,TransductiveGAT
41,"tensor(0.0018, device='cuda:0', grad_fn=<DivBackward0>)",0.27666666666666667,TransductiveGAT
42,"tensor(0.0017, device='cuda:0', grad_fn=<DivBackward0>)",0.2733333333333333,TransductiveGAT
43,"tensor(0.0018, device='cuda:0', grad_fn=<DivBackward0>)",0.28,TransductiveGAT
44,"tensor(0.0017, device='cuda:0', grad_fn=<DivBackward0>)",0.2966666666666667,TransductiveGAT
45,"tensor(0.0019, device='cuda:0', grad_fn=<DivBackward0>)",0.38333333333333336,TransductiveGAT
46,"tensor(0.0016, device='cuda:0', grad_fn=<DivBackward0>)",0.4266666666666667,TransductiveGAT
47,"tensor(0.0017, device='cuda:0', grad_fn=<DivBackward0>)",0.4633333333333333,TransductiveGAT
48,"tensor(0.0018, device='cuda:0', grad_fn=<DivBackward0>)",0.4533333333333333,TransductiveGAT
49,"tensor(0.0016, device='cuda:0', grad_fn=<DivBackward0>)",0.43,TransductiveGAT
50,"tensor(0.0017, device='cuda:0', grad_fn=<DivBackward0>)",0.4266666666666667,TransductiveGAT
51,"tensor(0.0015, device='cuda:0', grad_fn=<DivBackward0>)",0.39,TransductiveGAT
52,"tensor(0.0016, device='cuda:0', grad_fn=<DivBackward0>)",0.36333333333333334,TransductiveGAT
53,"tensor(0.0016, device='cuda:0', grad_fn=<DivBackward0>)",0.3433333333333333,TransductiveGAT
54,"tensor(0.0015, device='cuda:0', grad_fn=<DivBackward0>)",0.35333333333333333,TransductiveGAT
55,"tensor(0.0015, device='cuda:0', grad_fn=<DivBackward0>)",0.37666666666666665,TransductiveGAT
56,"tensor(0.0015, device='cuda:0', grad_fn=<DivBackward0>)",0.42333333333333334,TransductiveGAT
57,"tensor(0.0016, device='cuda:0', grad_fn=<DivBackward0>)",0.4633333333333333,TransductiveGAT
58,"tensor(0.0015, device='cuda:0', grad_fn=<DivBackward0>)",0.43333333333333335,TransductiveGAT
59,"tensor(0.0015, device='cuda:0', grad_fn=<DivBackward0>)",0.45666666666666667,TransductiveGAT
60,"tensor(0.0016, device='cuda:0', grad_fn=<DivBackward0>)",0.4266666666666667,TransductiveGAT
61,"tensor(0.0014, device='cuda:0', grad_fn=<DivBackward0>)",0.41,TransductiveGAT
62,"tensor(0.0014, device='cuda:0', grad_fn=<DivBackward0>)",0.4,TransductiveGAT
63,"tensor(0.0014, device='cuda:0', grad_fn=<DivBackward0>)",0.42,TransductiveGAT
64,"tensor(0.0014, device='cuda:0', grad_fn=<DivBackward0>)",0.44333333333333336,TransductiveGAT
65,"tensor(0.0014, device='cuda:0', grad_fn=<DivBackward0>)",0.44333333333333336,TransductiveGAT
66,"tensor(0.0014, device='cuda:0', grad_fn=<DivBackward0>)",0.44333333333333336,TransductiveGAT
67,"tensor(0.0015, device='cuda:0', grad_fn=<DivBackward0>)",0.48,TransductiveGAT
68,"tensor(0.0013, device='cuda:0', grad_fn=<DivBackward0>)",0.45,TransductiveGAT
69,"tensor(0.0013, device='cuda:0', grad_fn=<DivBackward0>)",0.47333333333333333,TransductiveGAT
70,"tensor(0.0015, device='cuda:0', grad_fn=<DivBackward0>)",0.43666666666666665,TransductiveGAT
71,"tensor(0.0013, device='cuda:0', grad_fn=<DivBackward0>)",0.47,TransductiveGAT
72,"tensor(0.0013, device='cuda:0', grad_fn=<DivBackward0>)",0.39666666666666667,TransductiveGAT
73,"tensor(0.0015, device='cuda:0', grad_fn=<DivBackward0>)",0.4,TransductiveGAT
74,"tensor(0.0017, device='cuda:0', grad_fn=<DivBackward0>)",0.48,TransductiveGAT
75,"tensor(0.0012, device='cuda:0', grad_fn=<DivBackward0>)",0.39,TransductiveGAT
76,"tensor(0.0014, device='cuda:0', grad_fn=<DivBackward0>)",0.38333333333333336,TransductiveGAT
77,"tensor(0.0013, device='cuda:0', grad_fn=<DivBackward0>)",0.37333333333333335,TransductiveGAT
78,"tensor(0.0016, device='cuda:0', grad_fn=<DivBackward0>)",0.4033333333333333,TransductiveGAT
79,"tensor(0.0013, device='cuda:0', grad_fn=<DivBackward0>)",0.45666666666666667,TransductiveGAT
80,"tensor(0.0014, device='cuda:0', grad_fn=<DivBackward0>)",0.42333333333333334,TransductiveGAT
81,"tensor(0.0015, device='cuda:0', grad_fn=<DivBackward0>)",0.5,TransductiveGAT
82,"tensor(0.0012, device='cuda:0', grad_fn=<DivBackward0>)",0.6,TransductiveGAT
83,"tensor(0.0012, device='cuda:0', grad_fn=<DivBackward0>)",0.6033333333333334,TransductiveGAT
84,"tensor(0.0013, device='cuda:0', grad_fn=<DivBackward0>)",0.5766666666666667,TransductiveGAT
85,"tensor(0.0015, device='cuda:0', grad_fn=<DivBackward0>)",0.4866666666666667,TransductiveGAT
86,"tensor(0.0012, device='cuda:0', grad_fn=<DivBackward0>)",0.4533333333333333,TransductiveGAT
87,"tensor(0.0013, device='cuda:0', grad_fn=<DivBackward0>)",0.49,TransductiveGAT
88,"tensor(0.0014, device='cuda:0', grad_fn=<DivBackward0>)",0.49666666666666665,TransductiveGAT
89,"tensor(0.0012, device='cuda:0', grad_fn=<DivBackward0>)",0.6033333333333334,TransductiveGAT
90,"tensor(0.0012, device='cuda:0', grad_fn=<DivBackward0>)",0.7233333333333334,TransductiveGAT
91,"tensor(0.0012, device='cuda:0', grad_fn=<DivBackward0>)",0.6933333333333334,TransductiveGAT
92,"tensor(0.0012, device='cuda:0', grad_fn=<DivBackward0>)",0.61,TransductiveGAT
93,"tensor(0.0012, device='cuda:0', grad_fn=<DivBackward0>)",0.5166666666666667,TransductiveGAT
94,"tensor(0.0011, device='cuda:0', grad_fn=<DivBackward0>)",0.48333333333333334,TransductiveGAT
95,"tensor(0.0012, device='cuda:0', grad_fn=<DivBackward0>)",0.51,TransductiveGAT
96,"tensor(0.0013, device='cuda:0', grad_fn=<DivBackward0>)",0.58,TransductiveGAT
97,"tensor(0.0011, device='cuda:0', grad_fn=<DivBackward0>)",0.71,TransductiveGAT
98,"tensor(0.0011, device='cuda:0', grad_fn=<DivBackward0>)",0.7633333333333333,TransductiveGAT
99,"tensor(0.0012, device='cuda:0', grad_fn=<DivBackward0>)",0.7033333333333334,TransductiveGAT
100,"tensor(0.0012, device='cuda:0', grad_fn=<DivBackward0>)",0.55,TransductiveGAT
101,"tensor(0.0010, device='cuda:0', grad_fn=<DivBackward0>)",0.43666666666666665,TransductiveGAT
102,"tensor(0.0011, device='cuda:0', grad_fn=<DivBackward0>)",0.44,TransductiveGAT
103,"tensor(0.0011, device='cuda:0', grad_fn=<DivBackward0>)",0.49333333333333335,TransductiveGAT
104,"tensor(0.0010, device='cuda:0', grad_fn=<DivBackward0>)",0.6733333333333333,TransductiveGAT
105,"tensor(0.0009, device='cuda:0', grad_fn=<DivBackward0>)",0.79,TransductiveGAT
106,"tensor(0.0014, device='cuda:0', grad_fn=<DivBackward0>)",0.7233333333333334,TransductiveGAT
107,"tensor(0.0009, device='cuda:0', grad_fn=<DivBackward0>)",0.62,TransductiveGAT
108,"tensor(0.0010, device='cuda:0', grad_fn=<DivBackward0>)",0.5566666666666666,TransductiveGAT
109,"tensor(0.0010, device='cuda:0', grad_fn=<DivBackward0>)",0.55,TransductiveGAT
110,"tensor(0.0010, device='cuda:0', grad_fn=<DivBackward0>)",0.5966666666666667,TransductiveGAT
111,"tensor(0.0009, device='cuda:0', grad_fn=<DivBackward0>)",0.6733333333333333,TransductiveGAT
112,"tensor(0.0009, device='cuda:0', grad_fn=<DivBackward0>)",0.7466666666666667,TransductiveGAT
113,"tensor(0.0009, device='cuda:0', grad_fn=<DivBackward0>)",0.7533333333333333,TransductiveGAT
114,"tensor(0.0008, device='cuda:0', grad_fn=<DivBackward0>)",0.7433333333333333,TransductiveGAT
115,"tensor(0.0009, device='cuda:0', grad_fn=<DivBackward0>)",0.7333333333333333,TransductiveGAT
116,"tensor(0.0009, device='cuda:0', grad_fn=<DivBackward0>)",0.6666666666666666,TransductiveGAT
117,"tensor(0.0008, device='cuda:0', grad_fn=<DivBackward0>)",0.61,TransductiveGAT
118,"tensor(0.0008, device='cuda:0', grad_fn=<DivBackward0>)",0.5866666666666667,TransductiveGAT
119,"tensor(0.0008, device='cuda:0', grad_fn=<DivBackward0>)",0.63,TransductiveGAT
120,"tensor(0.0008, device='cuda:0', grad_fn=<DivBackward0>)",0.73,TransductiveGAT
121,"tensor(0.0008, device='cuda:0', grad_fn=<DivBackward0>)",0.8233333333333334,TransductiveGAT
122,"tensor(0.0008, device='cuda:0', grad_fn=<DivBackward0>)",0.8566666666666667,TransductiveGAT
123,"tensor(0.0008, device='cuda:0', grad_fn=<DivBackward0>)",0.84,TransductiveGAT
124,"tensor(0.0009, device='cuda:0', grad_fn=<DivBackward0>)",0.76,TransductiveGAT
125,"tensor(0.0007, device='cuda:0', grad_fn=<DivBackward0>)",0.59,TransductiveGAT
126,"tensor(0.0008, device='cuda:0', grad_fn=<DivBackward0>)",0.58,TransductiveGAT
127,"tensor(0.0008, device='cuda:0', grad_fn=<DivBackward0>)",0.64,TransductiveGAT
128,"tensor(0.0007, device='cuda:0', grad_fn=<DivBackward0>)",0.7266666666666667,TransductiveGAT
129,"tensor(0.0007, device='cuda:0', grad_fn=<DivBackward0>)",0.82,TransductiveGAT
130,"tensor(0.0007, device='cuda:0', grad_fn=<DivBackward0>)",0.8433333333333334,TransductiveGAT
131,"tensor(0.0009, device='cuda:0', grad_fn=<DivBackward0>)",0.7666666666666667,TransductiveGAT
132,"tensor(0.0007, device='cuda:0', grad_fn=<DivBackward0>)",0.7233333333333334,TransductiveGAT
133,"tensor(0.0006, device='cuda:0', grad_fn=<DivBackward0>)",0.6733333333333333,TransductiveGAT
134,"tensor(0.0007, device='cuda:0', grad_fn=<DivBackward0>)",0.74,TransductiveGAT
135,"tensor(0.0007, device='cuda:0', grad_fn=<DivBackward0>)",0.7633333333333333,TransductiveGAT
136,"tensor(0.0007, device='cuda:0', grad_fn=<DivBackward0>)",0.8333333333333334,TransductiveGAT
137,"tensor(0.0006, device='cuda:0', grad_fn=<DivBackward0>)",0.86,TransductiveGAT
138,"tensor(0.0008, device='cuda:0', grad_fn=<DivBackward0>)",0.85,TransductiveGAT
139,"tensor(0.0008, device='cuda:0', grad_fn=<DivBackward0>)",0.7933333333333333,TransductiveGAT
140,"tensor(0.0007, device='cuda:0', grad_fn=<DivBackward0>)",0.7933333333333333,TransductiveGAT
141,"tensor(0.0006, device='cuda:0', grad_fn=<DivBackward0>)",0.7833333333333333,TransductiveGAT
142,"tensor(0.0009, device='cuda:0', grad_fn=<DivBackward0>)",0.8066666666666666,TransductiveGAT
143,"tensor(0.0006, device='cuda:0', grad_fn=<DivBackward0>)",0.8433333333333334,TransductiveGAT
144,"tensor(0.0006, device='cuda:0', grad_fn=<DivBackward0>)",0.87,TransductiveGAT
145,"tensor(0.0007, device='cuda:0', grad_fn=<DivBackward0>)",0.8633333333333333,TransductiveGAT
146,"tensor(0.0007, device='cuda:0', grad_fn=<DivBackward0>)",0.86,TransductiveGAT
147,"tensor(0.0006, device='cuda:0', grad_fn=<DivBackward0>)",0.8233333333333334,TransductiveGAT
148,"tensor(0.0006, device='cuda:0', grad_fn=<DivBackward0>)",0.8233333333333334,TransductiveGAT
149,"tensor(0.0006, device='cuda:0', grad_fn=<DivBackward0>)",0.85,TransductiveGAT
150,"tensor(0.0006, device='cuda:0', grad_fn=<DivBackward0>)",0.8833333333333333,TransductiveGAT
151,"tensor(0.0005, device='cuda:0', grad_fn=<DivBackward0>)",0.8866666666666667,TransductiveGAT
152,"tensor(0.0006, device='cuda:0', grad_fn=<DivBackward0>)",0.89,TransductiveGAT
153,"tensor(0.0005, device='cuda:0', grad_fn=<DivBackward0>)",0.8633333333333333,TransductiveGAT
154,"tensor(0.0005, device='cuda:0', grad_fn=<DivBackward0>)",0.8533333333333334,TransductiveGAT
155,"tensor(0.0005, device='cuda:0', grad_fn=<DivBackward0>)",0.8633333333333333,TransductiveGAT
156,"tensor(0.0005, device='cuda:0', grad_fn=<DivBackward0>)",0.88,TransductiveGAT
157,"tensor(0.0006, device='cuda:0', grad_fn=<DivBackward0>)",0.88,TransductiveGAT
158,"tensor(0.0005, device='cuda:0', grad_fn=<DivBackward0>)",0.9,TransductiveGAT
159,"tensor(0.0005, device='cuda:0', grad_fn=<DivBackward0>)",0.9,TransductiveGAT
160,"tensor(0.0005, device='cuda:0', grad_fn=<DivBackward0>)",0.9066666666666666,TransductiveGAT
161,"tensor(0.0004, device='cuda:0', grad_fn=<DivBackward0>)",0.8933333333333333,TransductiveGAT
162,"tensor(0.0005, device='cuda:0', grad_fn=<DivBackward0>)",0.8733333333333333,TransductiveGAT
163,"tensor(0.0005, device='cuda:0', grad_fn=<DivBackward0>)",0.87,TransductiveGAT
164,"tensor(0.0004, device='cuda:0', grad_fn=<DivBackward0>)",0.8333333333333334,TransductiveGAT
165,"tensor(0.0005, device='cuda:0', grad_fn=<DivBackward0>)",0.8133333333333334,TransductiveGAT
166,"tensor(0.0007, device='cuda:0', grad_fn=<DivBackward0>)",0.8933333333333333,TransductiveGAT
167,"tensor(0.0004, device='cuda:0', grad_fn=<DivBackward0>)",0.9066666666666666,TransductiveGAT
168,"tensor(0.0004, device='cuda:0', grad_fn=<DivBackward0>)",0.8766666666666667,TransductiveGAT
169,"tensor(0.0004, device='cuda:0', grad_fn=<DivBackward0>)",0.9033333333333333,TransductiveGAT
170,"tensor(0.0005, device='cuda:0', grad_fn=<DivBackward0>)",0.8933333333333333,TransductiveGAT
171,"tensor(0.0004, device='cuda:0', grad_fn=<DivBackward0>)",0.8633333333333333,TransductiveGAT
172,"tensor(0.0004, device='cuda:0', grad_fn=<DivBackward0>)",0.82,TransductiveGAT
173,"tensor(0.0004, device='cuda:0', grad_fn=<DivBackward0>)",0.8666666666666667,TransductiveGAT
174,"tensor(0.0004, device='cuda:0', grad_fn=<DivBackward0>)",0.8833333333333333,TransductiveGAT
175,"tensor(0.0003, device='cuda:0', grad_fn=<DivBackward0>)",0.9033333333333333,TransductiveGAT
176,"tensor(0.0003, device='cuda:0', grad_fn=<DivBackward0>)",0.91,TransductiveGAT
177,"tensor(0.0003, device='cuda:0', grad_fn=<DivBackward0>)",0.92,TransductiveGAT
178,"tensor(0.0003, device='cuda:0', grad_fn=<DivBackward0>)",0.92,TransductiveGAT
179,"tensor(0.0004, device='cuda:0', grad_fn=<DivBackward0>)",0.9133333333333333,TransductiveGAT
180,"tensor(0.0004, device='cuda:0', grad_fn=<DivBackward0>)",0.91,TransductiveGAT
181,"tensor(0.0003, device='cuda:0', grad_fn=<DivBackward0>)",0.88,TransductiveGAT
182,"tensor(0.0003, device='cuda:0', grad_fn=<DivBackward0>)",0.87,TransductiveGAT
183,"tensor(0.0004, device='cuda:0', grad_fn=<DivBackward0>)",0.88,TransductiveGAT
184,"tensor(0.0003, device='cuda:0', grad_fn=<DivBackward0>)",0.8866666666666667,TransductiveGAT
185,"tensor(0.0003, device='cuda:0', grad_fn=<DivBackward0>)",0.9033333333333333,TransductiveGAT
186,"tensor(0.0003, device='cuda:0', grad_fn=<DivBackward0>)",0.9266666666666666,TransductiveGAT
187,"tensor(0.0003, device='cuda:0', grad_fn=<DivBackward0>)",0.9133333333333333,TransductiveGAT
188,"tensor(0.0004, device='cuda:0', grad_fn=<DivBackward0>)",0.9066666666666666,TransductiveGAT
189,"tensor(0.0003, device='cuda:0', grad_fn=<DivBackward0>)",0.9166666666666666,TransductiveGAT
190,"tensor(0.0003, device='cuda:0', grad_fn=<DivBackward0>)",0.9233333333333333,TransductiveGAT
191,"tensor(0.0004, device='cuda:0', grad_fn=<DivBackward0>)",0.92,TransductiveGAT
192,"tensor(0.0002, device='cuda:0', grad_fn=<DivBackward0>)",0.9,TransductiveGAT
193,"tensor(0.0003, device='cuda:0', grad_fn=<DivBackward0>)",0.8966666666666666,TransductiveGAT
194,"tensor(0.0003, device='cuda:0', grad_fn=<DivBackward0>)",0.8866666666666667,TransductiveGAT
195,"tensor(0.0003, device='cuda:0', grad_fn=<DivBackward0>)",0.88,TransductiveGAT
196,"tensor(0.0002, device='cuda:0', grad_fn=<DivBackward0>)",0.89,TransductiveGAT
197,"tensor(0.0003, device='cuda:0', grad_fn=<DivBackward0>)",0.8933333333333333,TransductiveGAT
198,"tensor(0.0003, device='cuda:0', grad_fn=<DivBackward0>)",0.91,TransductiveGAT
199,"tensor(0.0003, device='cuda:0', grad_fn=<DivBackward0>)",0.93,TransductiveGAT
200,"tensor(0.0003, device='cuda:0', grad_fn=<DivBackward0>)",0.92,TransductiveGAT
201,"tensor(0.0004, device='cuda:0', grad_fn=<DivBackward0>)",0.92,TransductiveGAT
202,"tensor(0.0003, device='cuda:0', grad_fn=<DivBackward0>)",0.9033333333333333,TransductiveGAT
203,"tensor(0.0002, device='cuda:0', grad_fn=<DivBackward0>)",0.8766666666666667,TransductiveGAT
204,"tensor(0.0003, device='cuda:0', grad_fn=<DivBackward0>)",0.8766666666666667,TransductiveGAT
205,"tensor(0.0002, device='cuda:0', grad_fn=<DivBackward0>)",0.8866666666666667,TransductiveGAT
206,"tensor(0.0003, device='cuda:0', grad_fn=<DivBackward0>)",0.89,TransductiveGAT
207,"tensor(0.0003, device='cuda:0', grad_fn=<DivBackward0>)",0.8966666666666666,TransductiveGAT
208,"tensor(0.0003, device='cuda:0', grad_fn=<DivBackward0>)",0.9166666666666666,TransductiveGAT
209,"tensor(0.0003, device='cuda:0', grad_fn=<DivBackward0>)",0.9166666666666666,TransductiveGAT
210,"tensor(0.0002, device='cuda:0', grad_fn=<DivBackward0>)",0.9133333333333333,TransductiveGAT
211,"tensor(0.0003, device='cuda:0', grad_fn=<DivBackward0>)",0.9033333333333333,TransductiveGAT
212,"tensor(0.0003, device='cuda:0', grad_fn=<DivBackward0>)",0.91,TransductiveGAT
213,"tensor(0.0003, device='cuda:0', grad_fn=<DivBackward0>)",0.9233333333333333,TransductiveGAT
214,"tensor(0.0002, device='cuda:0', grad_fn=<DivBackward0>)",0.9066666666666666,TransductiveGAT
215,"tensor(0.0002, device='cuda:0', grad_fn=<DivBackward0>)",0.89,TransductiveGAT
216,"tensor(0.0003, device='cuda:0', grad_fn=<DivBackward0>)",0.88,TransductiveGAT
217,"tensor(0.0004, device='cuda:0', grad_fn=<DivBackward0>)",0.89,TransductiveGAT
218,"tensor(0.0002, device='cuda:0', grad_fn=<DivBackward0>)",0.89,TransductiveGAT
219,"tensor(0.0003, device='cuda:0', grad_fn=<DivBackward0>)",0.91,TransductiveGAT
220,"tensor(0.0002, device='cuda:0', grad_fn=<DivBackward0>)",0.91,TransductiveGAT
221,"tensor(0.0002, device='cuda:0', grad_fn=<DivBackward0>)",0.9166666666666666,TransductiveGAT
222,"tensor(0.0002, device='cuda:0', grad_fn=<DivBackward0>)",0.9233333333333333,TransductiveGAT
223,"tensor(0.0002, device='cuda:0', grad_fn=<DivBackward0>)",0.93,TransductiveGAT
224,"tensor(0.0002, device='cuda:0', grad_fn=<DivBackward0>)",0.9233333333333333,TransductiveGAT
225,"tensor(0.0002, device='cuda:0', grad_fn=<DivBackward0>)",0.9233333333333333,TransductiveGAT
226,"tensor(0.0002, device='cuda:0', grad_fn=<DivBackward0>)",0.92,TransductiveGAT
227,"tensor(0.0002, device='cuda:0', grad_fn=<DivBackward0>)",0.9166666666666666,TransductiveGAT
228,"tensor(0.0002, device='cuda:0', grad_fn=<DivBackward0>)",0.9133333333333333,TransductiveGAT
229,"tensor(0.0002, device='cuda:0', grad_fn=<DivBackward0>)",0.9066666666666666,TransductiveGAT
230,"tensor(0.0002, device='cuda:0', grad_fn=<DivBackward0>)",0.9033333333333333,TransductiveGAT
231,"tensor(0.0002, device='cuda:0', grad_fn=<DivBackward0>)",0.9133333333333333,TransductiveGAT
232,"tensor(0.0002, device='cuda:0', grad_fn=<DivBackward0>)",0.92,TransductiveGAT
233,"tensor(0.0002, device='cuda:0', grad_fn=<DivBackward0>)",0.9233333333333333,TransductiveGAT
234,"tensor(0.0002, device='cuda:0', grad_fn=<DivBackward0>)",0.9233333333333333,TransductiveGAT
235,"tensor(0.0001, device='cuda:0', grad_fn=<DivBackward0>)",0.93,TransductiveGAT
236,"tensor(0.0002, device='cuda:0', grad_fn=<DivBackward0>)",0.9266666666666666,TransductiveGAT
237,"tensor(0.0002, device='cuda:0', grad_fn=<DivBackward0>)",0.9266666666666666,TransductiveGAT
238,"tensor(0.0001, device='cuda:0', grad_fn=<DivBackward0>)",0.9266666666666666,TransductiveGAT
239,"tensor(0.0002, device='cuda:0', grad_fn=<DivBackward0>)",0.9266666666666666,TransductiveGAT
240,"tensor(0.0002, device='cuda:0', grad_fn=<DivBackward0>)",0.9233333333333333,TransductiveGAT
241,"tensor(0.0002, device='cuda:0', grad_fn=<DivBackward0>)",0.91,TransductiveGAT
242,"tensor(0.0001, device='cuda:0', grad_fn=<DivBackward0>)",0.91,TransductiveGAT
243,"tensor(0.0002, device='cuda:0', grad_fn=<DivBackward0>)",0.9166666666666666,TransductiveGAT
244,"tensor(0.0001, device='cuda:0', grad_fn=<DivBackward0>)",0.9233333333333333,TransductiveGAT
245,"tensor(0.0002, device='cuda:0', grad_fn=<DivBackward0>)",0.9233333333333333,TransductiveGAT
246,"tensor(0.0002, device='cuda:0', grad_fn=<DivBackward0>)",0.9233333333333333,TransductiveGAT
247,"tensor(0.0002, device='cuda:0', grad_fn=<DivBackward0>)",0.9166666666666666,TransductiveGAT
248,"tensor(0.0001, device='cuda:0', grad_fn=<DivBackward0>)",0.93,TransductiveGAT
249,"tensor(0.0001, device='cuda:0', grad_fn=<DivBackward0>)",0.92,TransductiveGAT
250,"tensor(0.0001, device='cuda:0', grad_fn=<DivBackward0>)",0.9166666666666666,TransductiveGAT
251,"tensor(0.0002, device='cuda:0', grad_fn=<DivBackward0>)",0.93,TransductiveGAT
252,"tensor(0.0001, device='cuda:0', grad_fn=<DivBackward0>)",0.9266666666666666,TransductiveGAT
253,"tensor(0.0001, device='cuda:0', grad_fn=<DivBackward0>)",0.93,TransductiveGAT
254,"tensor(0.0002, device='cuda:0', grad_fn=<DivBackward0>)",0.9266666666666666,TransductiveGAT
255,"tensor(0.0002, device='cuda:0', grad_fn=<DivBackward0>)",0.93,TransductiveGAT
256,"tensor(0.0002, device='cuda:0', grad_fn=<DivBackward0>)",0.9266666666666666,TransductiveGAT
257,"tensor(0.0001, device='cuda:0', grad_fn=<DivBackward0>)",0.9266666666666666,TransductiveGAT
258,"tensor(0.0001, device='cuda:0', grad_fn=<DivBackward0>)",0.9233333333333333,TransductiveGAT
259,"tensor(0.0001, device='cuda:0', grad_fn=<DivBackward0>)",0.9033333333333333,TransductiveGAT
260,"tensor(0.0001, device='cuda:0', grad_fn=<DivBackward0>)",0.91,TransductiveGAT
261,"tensor(0.0001, device='cuda:0', grad_fn=<DivBackward0>)",0.9333333333333333,TransductiveGAT
262,"tensor(0.0001, device='cuda:0', grad_fn=<DivBackward0>)",0.9266666666666666,TransductiveGAT
263,"tensor(0.0001, device='cuda:0', grad_fn=<DivBackward0>)",0.93,TransductiveGAT
264,"tensor(0.0001, device='cuda:0', grad_fn=<DivBackward0>)",0.9366666666666666,TransductiveGAT
265,"tensor(0.0001, device='cuda:0', grad_fn=<DivBackward0>)",0.9333333333333333,TransductiveGAT
266,"tensor(0.0002, device='cuda:0', grad_fn=<DivBackward0>)",0.92,TransductiveGAT
267,"tensor(8.8931e-05, device='cuda:0', grad_fn=<DivBackward0>)",0.9166666666666666,TransductiveGAT
268,"tensor(0.0002, device='cuda:0', grad_fn=<DivBackward0>)",0.9266666666666666,TransductiveGAT
269,"tensor(0.0001, device='cuda:0', grad_fn=<DivBackward0>)",0.93,TransductiveGAT
270,"tensor(8.7079e-05, device='cuda:0', grad_fn=<DivBackward0>)",0.9233333333333333,TransductiveGAT
271,"tensor(0.0002, device='cuda:0', grad_fn=<DivBackward0>)",0.9266666666666666,TransductiveGAT
272,"tensor(0.0002, device='cuda:0', grad_fn=<DivBackward0>)",0.9366666666666666,TransductiveGAT
273,"tensor(8.9943e-05, device='cuda:0', grad_fn=<DivBackward0>)",0.9333333333333333,TransductiveGAT
274,"tensor(0.0001, device='cuda:0', grad_fn=<DivBackward0>)",0.93,TransductiveGAT
275,"tensor(8.1052e-05, device='cuda:0', grad_fn=<DivBackward0>)",0.9266666666666666,TransductiveGAT
276,"tensor(0.0001, device='cuda:0', grad_fn=<DivBackward0>)",0.9166666666666666,TransductiveGAT
277,"tensor(8.4434e-05, device='cuda:0', grad_fn=<DivBackward0>)",0.9166666666666666,TransductiveGAT
278,"tensor(0.0001, device='cuda:0', grad_fn=<DivBackward0>)",0.9166666666666666,TransductiveGAT
279,"tensor(9.7910e-05, device='cuda:0', grad_fn=<DivBackward0>)",0.92,TransductiveGAT
280,"tensor(0.0001, device='cuda:0', grad_fn=<DivBackward0>)",0.93,TransductiveGAT
281,"tensor(0.0001, device='cuda:0', grad_fn=<DivBackward0>)",0.9233333333333333,TransductiveGAT
282,"tensor(8.4880e-05, device='cuda:0', grad_fn=<DivBackward0>)",0.9333333333333333,TransductiveGAT
283,"tensor(0.0002, device='cuda:0', grad_fn=<DivBackward0>)",0.9366666666666666,TransductiveGAT
284,"tensor(8.8482e-05, device='cuda:0', grad_fn=<DivBackward0>)",0.9333333333333333,TransductiveGAT
285,"tensor(0.0001, device='cuda:0', grad_fn=<DivBackward0>)",0.9266666666666666,TransductiveGAT
286,"tensor(0.0001, device='cuda:0', grad_fn=<DivBackward0>)",0.9266666666666666,TransductiveGAT
287,"tensor(7.4272e-05, device='cuda:0', grad_fn=<DivBackward0>)",0.93,TransductiveGAT
288,"tensor(9.1464e-05, device='cuda:0', grad_fn=<DivBackward0>)",0.93,TransductiveGAT
289,"tensor(9.9202e-05, device='cuda:0', grad_fn=<DivBackward0>)",0.9266666666666666,TransductiveGAT
290,"tensor(9.2420e-05, device='cuda:0', grad_fn=<DivBackward0>)",0.9266666666666666,TransductiveGAT
291,"tensor(0.0001, device='cuda:0', grad_fn=<DivBackward0>)",0.93,TransductiveGAT
292,"tensor(0.0001, device='cuda:0', grad_fn=<DivBackward0>)",0.93,TransductiveGAT
293,"tensor(0.0001, device='cuda:0', grad_fn=<DivBackward0>)",0.9233333333333333,TransductiveGAT
294,"tensor(9.4996e-05, device='cuda:0', grad_fn=<DivBackward0>)",0.9266666666666666,TransductiveGAT
295,"tensor(8.9040e-05, device='cuda:0', grad_fn=<DivBackward0>)",0.9266666666666666,TransductiveGAT
296,"tensor(0.0001, device='cuda:0', grad_fn=<DivBackward0>)",0.9266666666666666,TransductiveGAT
297,"tensor(9.2330e-05, device='cuda:0', grad_fn=<DivBackward0>)",0.9266666666666666,TransductiveGAT
298,"tensor(7.2559e-05, device='cuda:0', grad_fn=<DivBackward0>)",0.9166666666666666,TransductiveGAT
299,"tensor(9.9485e-05, device='cuda:0', grad_fn=<DivBackward0>)",0.92,TransductiveGAT
300,"tensor(0.0001, device='cuda:0', grad_fn=<DivBackward0>)",0.9233333333333333,TransductiveGAT
301,"tensor(7.4683e-05, device='cuda:0', grad_fn=<DivBackward0>)",0.9366666666666666,TransductiveGAT
302,"tensor(7.3031e-05, device='cuda:0', grad_fn=<DivBackward0>)",0.94,TransductiveGAT
303,"tensor(0.0001, device='cuda:0', grad_fn=<DivBackward0>)",0.9366666666666666,TransductiveGAT
304,"tensor(0.0001, device='cuda:0', grad_fn=<DivBackward0>)",0.9333333333333333,TransductiveGAT
305,"tensor(8.9462e-05, device='cuda:0', grad_fn=<DivBackward0>)",0.93,TransductiveGAT
306,"tensor(9.1080e-05, device='cuda:0', grad_fn=<DivBackward0>)",0.9066666666666666,TransductiveGAT
307,"tensor(0.0001, device='cuda:0', grad_fn=<DivBackward0>)",0.91,TransductiveGAT
308,"tensor(0.0001, device='cuda:0', grad_fn=<DivBackward0>)",0.9266666666666666,TransductiveGAT
309,"tensor(0.0001, device='cuda:0', grad_fn=<DivBackward0>)",0.93,TransductiveGAT
310,"tensor(0.0001, device='cuda:0', grad_fn=<DivBackward0>)",0.9333333333333333,TransductiveGAT
311,"tensor(6.9075e-05, device='cuda:0', grad_fn=<DivBackward0>)",0.9366666666666666,TransductiveGAT
312,"tensor(9.0101e-05, device='cuda:0', grad_fn=<DivBackward0>)",0.9366666666666666,TransductiveGAT
313,"tensor(9.2299e-05, device='cuda:0', grad_fn=<DivBackward0>)",0.9333333333333333,TransductiveGAT
314,"tensor(0.0001, device='cuda:0', grad_fn=<DivBackward0>)",0.9266666666666666,TransductiveGAT
315,"tensor(6.5284e-05, device='cuda:0', grad_fn=<DivBackward0>)",0.9266666666666666,TransductiveGAT
316,"tensor(7.8853e-05, device='cuda:0', grad_fn=<DivBackward0>)",0.9266666666666666,TransductiveGAT
317,"tensor(0.0001, device='cuda:0', grad_fn=<DivBackward0>)",0.9266666666666666,TransductiveGAT
318,"tensor(0.0001, device='cuda:0', grad_fn=<DivBackward0>)",0.9266666666666666,TransductiveGAT
319,"tensor(7.8347e-05, device='cuda:0', grad_fn=<DivBackward0>)",0.9266666666666666,TransductiveGAT
320,"tensor(4.4273e-05, device='cuda:0', grad_fn=<DivBackward0>)",0.9233333333333333,TransductiveGAT
321,"tensor(0.0001, device='cuda:0', grad_fn=<DivBackward0>)",0.9266666666666666,TransductiveGAT
322,"tensor(0.0001, device='cuda:0', grad_fn=<DivBackward0>)",0.93,TransductiveGAT
323,"tensor(6.5645e-05, device='cuda:0', grad_fn=<DivBackward0>)",0.93,TransductiveGAT
324,"tensor(0.0001, device='cuda:0', grad_fn=<DivBackward0>)",0.93,TransductiveGAT
325,"tensor(8.2021e-05, device='cuda:0', grad_fn=<DivBackward0>)",0.9333333333333333,TransductiveGAT
326,"tensor(8.5442e-05, device='cuda:0', grad_fn=<DivBackward0>)",0.93,TransductiveGAT
327,"tensor(0.0001, device='cuda:0', grad_fn=<DivBackward0>)",0.9333333333333333,TransductiveGAT
328,"tensor(7.2348e-05, device='cuda:0', grad_fn=<DivBackward0>)",0.9333333333333333,TransductiveGAT
329,"tensor(8.3856e-05, device='cuda:0', grad_fn=<DivBackward0>)",0.9266666666666666,TransductiveGAT
330,"tensor(7.2534e-05, device='cuda:0', grad_fn=<DivBackward0>)",0.9266666666666666,TransductiveGAT
331,"tensor(5.3475e-05, device='cuda:0', grad_fn=<DivBackward0>)",0.93,TransductiveGAT
332,"tensor(7.2664e-05, device='cuda:0', grad_fn=<DivBackward0>)",0.9266666666666666,TransductiveGAT
333,"tensor(7.3055e-05, device='cuda:0', grad_fn=<DivBackward0>)",0.93,TransductiveGAT
334,"tensor(7.7668e-05, device='cuda:0', grad_fn=<DivBackward0>)",0.93,TransductiveGAT
335,"tensor(7.5727e-05, device='cuda:0', grad_fn=<DivBackward0>)",0.93,TransductiveGAT
336,"tensor(5.3350e-05, device='cuda:0', grad_fn=<DivBackward0>)",0.9366666666666666,TransductiveGAT
337,"tensor(5.7838e-05, device='cuda:0', grad_fn=<DivBackward0>)",0.9333333333333333,TransductiveGAT
338,"tensor(8.9154e-05, device='cuda:0', grad_fn=<DivBackward0>)",0.9266666666666666,TransductiveGAT
339,"tensor(6.3749e-05, device='cuda:0', grad_fn=<DivBackward0>)",0.93,TransductiveGAT
340,"tensor(9.0933e-05, device='cuda:0', grad_fn=<DivBackward0>)",0.9166666666666666,TransductiveGAT
341,"tensor(5.2611e-05, device='cuda:0', grad_fn=<DivBackward0>)",0.9166666666666666,TransductiveGAT
342,"tensor(9.6185e-05, device='cuda:0', grad_fn=<DivBackward0>)",0.92,TransductiveGAT
343,"tensor(0.0001, device='cuda:0', grad_fn=<DivBackward0>)",0.9266666666666666,TransductiveGAT
344,"tensor(5.5409e-05, device='cuda:0', grad_fn=<DivBackward0>)",0.9233333333333333,TransductiveGAT
345,"tensor(5.3557e-05, device='cuda:0', grad_fn=<DivBackward0>)",0.9266666666666666,TransductiveGAT
346,"tensor(4.9912e-05, device='cuda:0', grad_fn=<DivBackward0>)",0.9266666666666666,TransductiveGAT
347,"tensor(0.0001, device='cuda:0', grad_fn=<DivBackward0>)",0.93,TransductiveGAT
348,"tensor(8.4020e-05, device='cuda:0', grad_fn=<DivBackward0>)",0.93,TransductiveGAT
349,"tensor(5.5759e-05, device='cuda:0', grad_fn=<DivBackward0>)",0.9166666666666666,TransductiveGAT
350,"tensor(7.8371e-05, device='cuda:0', grad_fn=<DivBackward0>)",0.9066666666666666,TransductiveGAT
351,"tensor(7.8579e-05, device='cuda:0', grad_fn=<DivBackward0>)",0.9166666666666666,TransductiveGAT
352,"tensor(0.0001, device='cuda:0', grad_fn=<DivBackward0>)",0.92,TransductiveGAT
353,"tensor(9.0716e-05, device='cuda:0', grad_fn=<DivBackward0>)",0.9333333333333333,TransductiveGAT
354,"tensor(7.0452e-05, device='cuda:0', grad_fn=<DivBackward0>)",0.9333333333333333,TransductiveGAT
355,"tensor(0.0002, device='cuda:0', grad_fn=<DivBackward0>)",0.9366666666666666,TransductiveGAT
356,"tensor(5.8334e-05, device='cuda:0', grad_fn=<DivBackward0>)",0.9333333333333333,TransductiveGAT
357,"tensor(8.4720e-05, device='cuda:0', grad_fn=<DivBackward0>)",0.9233333333333333,TransductiveGAT
358,"tensor(9.5006e-05, device='cuda:0', grad_fn=<DivBackward0>)",0.92,TransductiveGAT
359,"tensor(7.5669e-05, device='cuda:0', grad_fn=<DivBackward0>)",0.9066666666666666,TransductiveGAT
360,"tensor(8.5944e-05, device='cuda:0', grad_fn=<DivBackward0>)",0.8966666666666666,TransductiveGAT
361,"tensor(0.0001, device='cuda:0', grad_fn=<DivBackward0>)",0.9133333333333333,TransductiveGAT
362,"tensor(6.5969e-05, device='cuda:0', grad_fn=<DivBackward0>)",0.9233333333333333,TransductiveGAT
363,"tensor(5.0058e-05, device='cuda:0', grad_fn=<DivBackward0>)",0.93,TransductiveGAT
364,"tensor(8.3325e-05, device='cuda:0', grad_fn=<DivBackward0>)",0.9333333333333333,TransductiveGAT
365,"tensor(7.4783e-05, device='cuda:0', grad_fn=<DivBackward0>)",0.9366666666666666,TransductiveGAT
366,"tensor(7.7220e-05, device='cuda:0', grad_fn=<DivBackward0>)",0.9366666666666666,TransductiveGAT
367,"tensor(5.1848e-05, device='cuda:0', grad_fn=<DivBackward0>)",0.9366666666666666,TransductiveGAT
368,"tensor(7.3702e-05, device='cuda:0', grad_fn=<DivBackward0>)",0.93,TransductiveGAT
369,"tensor(7.5893e-05, device='cuda:0', grad_fn=<DivBackward0>)",0.92,TransductiveGAT
370,"tensor(6.1674e-05, device='cuda:0', grad_fn=<DivBackward0>)",0.9133333333333333,TransductiveGAT
371,"tensor(0.0001, device='cuda:0', grad_fn=<DivBackward0>)",0.9133333333333333,TransductiveGAT
372,"tensor(9.5792e-05, device='cuda:0', grad_fn=<DivBackward0>)",0.92,TransductiveGAT
373,"tensor(7.7789e-05, device='cuda:0', grad_fn=<DivBackward0>)",0.93,TransductiveGAT
374,"tensor(3.9397e-05, device='cuda:0', grad_fn=<DivBackward0>)",0.93,TransductiveGAT
375,"tensor(5.6597e-05, device='cuda:0', grad_fn=<DivBackward0>)",0.9366666666666666,TransductiveGAT
376,"tensor(6.1333e-05, device='cuda:0', grad_fn=<DivBackward0>)",0.9333333333333333,TransductiveGAT
377,"tensor(0.0001, device='cuda:0', grad_fn=<DivBackward0>)",0.9333333333333333,TransductiveGAT
378,"tensor(0.0001, device='cuda:0', grad_fn=<DivBackward0>)",0.9266666666666666,TransductiveGAT
379,"tensor(4.1186e-05, device='cuda:0', grad_fn=<DivBackward0>)",0.93,TransductiveGAT
380,"tensor(4.3468e-05, device='cuda:0', grad_fn=<DivBackward0>)",0.9233333333333333,TransductiveGAT
381,"tensor(3.6906e-05, device='cuda:0', grad_fn=<DivBackward0>)",0.9133333333333333,TransductiveGAT
382,"tensor(7.3970e-05, device='cuda:0', grad_fn=<DivBackward0>)",0.9166666666666666,TransductiveGAT
383,"tensor(3.6467e-05, device='cuda:0', grad_fn=<DivBackward0>)",0.9266666666666666,TransductiveGAT
384,"tensor(4.0454e-05, device='cuda:0', grad_fn=<DivBackward0>)",0.93,TransductiveGAT
385,"tensor(4.2610e-05, device='cuda:0', grad_fn=<DivBackward0>)",0.9333333333333333,TransductiveGAT
386,"tensor(4.0738e-05, device='cuda:0', grad_fn=<DivBackward0>)",0.9366666666666666,TransductiveGAT
387,"tensor(4.0791e-05, device='cuda:0', grad_fn=<DivBackward0>)",0.9366666666666666,TransductiveGAT
388,"tensor(4.5770e-05, device='cuda:0', grad_fn=<DivBackward0>)",0.9366666666666666,TransductiveGAT
389,"tensor(7.4586e-05, device='cuda:0', grad_fn=<DivBackward0>)",0.9333333333333333,TransductiveGAT
390,"tensor(3.2611e-05, device='cuda:0', grad_fn=<DivBackward0>)",0.93,TransductiveGAT
391,"tensor(6.1512e-05, device='cuda:0', grad_fn=<DivBackward0>)",0.9333333333333333,TransductiveGAT
392,"tensor(8.8621e-05, device='cuda:0', grad_fn=<DivBackward0>)",0.9366666666666666,TransductiveGAT
393,"tensor(6.4533e-05, device='cuda:0', grad_fn=<DivBackward0>)",0.9333333333333333,TransductiveGAT
394,"tensor(4.5823e-05, device='cuda:0', grad_fn=<DivBackward0>)",0.9333333333333333,TransductiveGAT
395,"tensor(3.2395e-05, device='cuda:0', grad_fn=<DivBackward0>)",0.9366666666666666,TransductiveGAT
396,"tensor(8.4919e-05, device='cuda:0', grad_fn=<DivBackward0>)",0.9366666666666666,TransductiveGAT
397,"tensor(5.9961e-05, device='cuda:0', grad_fn=<DivBackward0>)",0.93,TransductiveGAT
398,"tensor(4.5311e-05, device='cuda:0', grad_fn=<DivBackward0>)",0.9333333333333333,TransductiveGAT
399,"tensor(7.1711e-05, device='cuda:0', grad_fn=<DivBackward0>)",0.9266666666666666,TransductiveGAT
400,"tensor(5.0863e-05, device='cuda:0', grad_fn=<DivBackward0>)",0.92,TransductiveGAT
401,"tensor(8.7596e-05, device='cuda:0', grad_fn=<DivBackward0>)",0.93,TransductiveGAT
402,"tensor(7.1266e-05, device='cuda:0', grad_fn=<DivBackward0>)",0.93,TransductiveGAT
403,"tensor(4.9809e-05, device='cuda:0', grad_fn=<DivBackward0>)",0.93,TransductiveGAT
404,"tensor(7.1609e-05, device='cuda:0', grad_fn=<DivBackward0>)",0.9366666666666666,TransductiveGAT
405,"tensor(5.3890e-05, device='cuda:0', grad_fn=<DivBackward0>)",0.9366666666666666,TransductiveGAT
406,"tensor(4.4940e-05, device='cuda:0', grad_fn=<DivBackward0>)",0.9266666666666666,TransductiveGAT
407,"tensor(7.1875e-05, device='cuda:0', grad_fn=<DivBackward0>)",0.93,TransductiveGAT
408,"tensor(6.4489e-05, device='cuda:0', grad_fn=<DivBackward0>)",0.9333333333333333,TransductiveGAT
409,"tensor(6.3661e-05, device='cuda:0', grad_fn=<DivBackward0>)",0.9333333333333333,TransductiveGAT
410,"tensor(4.8489e-05, device='cuda:0', grad_fn=<DivBackward0>)",0.9366666666666666,TransductiveGAT
411,"tensor(4.8429e-05, device='cuda:0', grad_fn=<DivBackward0>)",0.93,TransductiveGAT
412,"tensor(6.0005e-05, device='cuda:0', grad_fn=<DivBackward0>)",0.93,TransductiveGAT
413,"tensor(6.9081e-05, device='cuda:0', grad_fn=<DivBackward0>)",0.9366666666666666,TransductiveGAT
414,"tensor(6.2461e-05, device='cuda:0', grad_fn=<DivBackward0>)",0.9366666666666666,TransductiveGAT
415,"tensor(4.1808e-05, device='cuda:0', grad_fn=<DivBackward0>)",0.9333333333333333,TransductiveGAT
416,"tensor(6.9313e-05, device='cuda:0', grad_fn=<DivBackward0>)",0.93,TransductiveGAT
417,"tensor(7.2945e-05, device='cuda:0', grad_fn=<DivBackward0>)",0.9266666666666666,TransductiveGAT
418,"tensor(4.4571e-05, device='cuda:0', grad_fn=<DivBackward0>)",0.9333333333333333,TransductiveGAT
419,"tensor(5.8802e-05, device='cuda:0', grad_fn=<DivBackward0>)",0.9366666666666666,TransductiveGAT
420,"tensor(5.1541e-05, device='cuda:0', grad_fn=<DivBackward0>)",0.9366666666666666,TransductiveGAT
421,"tensor(5.4644e-05, device='cuda:0', grad_fn=<DivBackward0>)",0.9366666666666666,TransductiveGAT
422,"tensor(4.6205e-05, device='cuda:0', grad_fn=<DivBackward0>)",0.94,TransductiveGAT
423,"tensor(6.5685e-05, device='cuda:0', grad_fn=<DivBackward0>)",0.9333333333333333,TransductiveGAT
424,"tensor(3.7152e-05, device='cuda:0', grad_fn=<DivBackward0>)",0.9333333333333333,TransductiveGAT
425,"tensor(4.2412e-05, device='cuda:0', grad_fn=<DivBackward0>)",0.93,TransductiveGAT
426,"tensor(3.1393e-05, device='cuda:0', grad_fn=<DivBackward0>)",0.93,TransductiveGAT
427,"tensor(4.6231e-05, device='cuda:0', grad_fn=<DivBackward0>)",0.9333333333333333,TransductiveGAT
428,"tensor(5.0737e-05, device='cuda:0', grad_fn=<DivBackward0>)",0.9333333333333333,TransductiveGAT
429,"tensor(3.8055e-05, device='cuda:0', grad_fn=<DivBackward0>)",0.94,TransductiveGAT
430,"tensor(4.5518e-05, device='cuda:0', grad_fn=<DivBackward0>)",0.94,TransductiveGAT
431,"tensor(5.1393e-05, device='cuda:0', grad_fn=<DivBackward0>)",0.94,TransductiveGAT
432,"tensor(3.3704e-05, device='cuda:0', grad_fn=<DivBackward0>)",0.94,TransductiveGAT
433,"tensor(4.9613e-05, device='cuda:0', grad_fn=<DivBackward0>)",0.9366666666666666,TransductiveGAT
434,"tensor(3.6527e-05, device='cuda:0', grad_fn=<DivBackward0>)",0.9333333333333333,TransductiveGAT
435,"tensor(3.4945e-05, device='cuda:0', grad_fn=<DivBackward0>)",0.9333333333333333,TransductiveGAT
436,"tensor(3.5661e-05, device='cuda:0', grad_fn=<DivBackward0>)",0.9366666666666666,TransductiveGAT
437,"tensor(6.0690e-05, device='cuda:0', grad_fn=<DivBackward0>)",0.9333333333333333,TransductiveGAT
438,"tensor(4.3692e-05, device='cuda:0', grad_fn=<DivBackward0>)",0.9333333333333333,TransductiveGAT
439,"tensor(3.4261e-05, device='cuda:0', grad_fn=<DivBackward0>)",0.93,TransductiveGAT
440,"tensor(3.8172e-05, device='cuda:0', grad_fn=<DivBackward0>)",0.9333333333333333,TransductiveGAT
441,"tensor(4.1306e-05, device='cuda:0', grad_fn=<DivBackward0>)",0.9266666666666666,TransductiveGAT
442,"tensor(4.2808e-05, device='cuda:0', grad_fn=<DivBackward0>)",0.93,TransductiveGAT
443,"tensor(7.7967e-05, device='cuda:0', grad_fn=<DivBackward0>)",0.9333333333333333,TransductiveGAT
444,"tensor(8.1236e-05, device='cuda:0', grad_fn=<DivBackward0>)",0.9366666666666666,TransductiveGAT
445,"tensor(5.5667e-05, device='cuda:0', grad_fn=<DivBackward0>)",0.9366666666666666,TransductiveGAT
446,"tensor(4.3313e-05, device='cuda:0', grad_fn=<DivBackward0>)",0.94,TransductiveGAT
447,"tensor(4.5891e-05, device='cuda:0', grad_fn=<DivBackward0>)",0.94,TransductiveGAT
448,"tensor(4.9044e-05, device='cuda:0', grad_fn=<DivBackward0>)",0.9366666666666666,TransductiveGAT
449,"tensor(5.6494e-05, device='cuda:0', grad_fn=<DivBackward0>)",0.9333333333333333,TransductiveGAT
450,"tensor(4.5030e-05, device='cuda:0', grad_fn=<DivBackward0>)",0.9333333333333333,TransductiveGAT
451,"tensor(3.3569e-05, device='cuda:0', grad_fn=<DivBackward0>)",0.93,TransductiveGAT
452,"tensor(8.7584e-05, device='cuda:0', grad_fn=<DivBackward0>)",0.9333333333333333,TransductiveGAT
453,"tensor(5.2336e-05, device='cuda:0', grad_fn=<DivBackward0>)",0.9266666666666666,TransductiveGAT
454,"tensor(5.6523e-05, device='cuda:0', grad_fn=<DivBackward0>)",0.9266666666666666,TransductiveGAT
455,"tensor(5.1497e-05, device='cuda:0', grad_fn=<DivBackward0>)",0.9266666666666666,TransductiveGAT
456,"tensor(4.4590e-05, device='cuda:0', grad_fn=<DivBackward0>)",0.92,TransductiveGAT
457,"tensor(5.6346e-05, device='cuda:0', grad_fn=<DivBackward0>)",0.92,TransductiveGAT
458,"tensor(4.5407e-05, device='cuda:0', grad_fn=<DivBackward0>)",0.9266666666666666,TransductiveGAT
459,"tensor(4.1590e-05, device='cuda:0', grad_fn=<DivBackward0>)",0.9333333333333333,TransductiveGAT
460,"tensor(8.0555e-05, device='cuda:0', grad_fn=<DivBackward0>)",0.9366666666666666,TransductiveGAT
461,"tensor(4.1785e-05, device='cuda:0', grad_fn=<DivBackward0>)",0.94,TransductiveGAT
462,"tensor(9.0486e-05, device='cuda:0', grad_fn=<DivBackward0>)",0.9433333333333334,TransductiveGAT
463,"tensor(3.1854e-05, device='cuda:0', grad_fn=<DivBackward0>)",0.94,TransductiveGAT
464,"tensor(3.7252e-05, device='cuda:0', grad_fn=<DivBackward0>)",0.9366666666666666,TransductiveGAT
465,"tensor(4.2231e-05, device='cuda:0', grad_fn=<DivBackward0>)",0.93,TransductiveGAT
466,"tensor(6.2508e-05, device='cuda:0', grad_fn=<DivBackward0>)",0.9366666666666666,TransductiveGAT
467,"tensor(6.7413e-05, device='cuda:0', grad_fn=<DivBackward0>)",0.9366666666666666,TransductiveGAT
468,"tensor(3.7772e-05, device='cuda:0', grad_fn=<DivBackward0>)",0.9366666666666666,TransductiveGAT
469,"tensor(3.3706e-05, device='cuda:0', grad_fn=<DivBackward0>)",0.9366666666666666,TransductiveGAT
470,"tensor(5.0933e-05, device='cuda:0', grad_fn=<DivBackward0>)",0.9366666666666666,TransductiveGAT
471,"tensor(3.8190e-05, device='cuda:0', grad_fn=<DivBackward0>)",0.9333333333333333,TransductiveGAT
472,"tensor(3.5211e-05, device='cuda:0', grad_fn=<DivBackward0>)",0.9366666666666666,TransductiveGAT
473,"tensor(2.1593e-05, device='cuda:0', grad_fn=<DivBackward0>)",0.9233333333333333,TransductiveGAT
474,"tensor(5.3569e-05, device='cuda:0', grad_fn=<DivBackward0>)",0.93,TransductiveGAT
475,"tensor(5.0832e-05, device='cuda:0', grad_fn=<DivBackward0>)",0.93,TransductiveGAT
476,"tensor(3.1662e-05, device='cuda:0', grad_fn=<DivBackward0>)",0.93,TransductiveGAT
477,"tensor(3.7591e-05, device='cuda:0', grad_fn=<DivBackward0>)",0.9366666666666666,TransductiveGAT
478,"tensor(6.6497e-05, device='cuda:0', grad_fn=<DivBackward0>)",0.94,TransductiveGAT
479,"tensor(6.3771e-05, device='cuda:0', grad_fn=<DivBackward0>)",0.9366666666666666,TransductiveGAT
480,"tensor(5.2192e-05, device='cuda:0', grad_fn=<DivBackward0>)",0.9366666666666666,TransductiveGAT
481,"tensor(4.5160e-05, device='cuda:0', grad_fn=<DivBackward0>)",0.93,TransductiveGAT
482,"tensor(3.2893e-05, device='cuda:0', grad_fn=<DivBackward0>)",0.9266666666666666,TransductiveGAT
483,"tensor(3.3430e-05, device='cuda:0', grad_fn=<DivBackward0>)",0.9233333333333333,TransductiveGAT
484,"tensor(6.3588e-05, device='cuda:0', grad_fn=<DivBackward0>)",0.93,TransductiveGAT
485,"tensor(3.4005e-05, device='cuda:0', grad_fn=<DivBackward0>)",0.9333333333333333,TransductiveGAT
486,"tensor(6.2480e-05, device='cuda:0', grad_fn=<DivBackward0>)",0.9333333333333333,TransductiveGAT
487,"tensor(4.9049e-05, device='cuda:0', grad_fn=<DivBackward0>)",0.9333333333333333,TransductiveGAT
488,"tensor(3.2030e-05, device='cuda:0', grad_fn=<DivBackward0>)",0.9366666666666666,TransductiveGAT
489,"tensor(5.3502e-05, device='cuda:0', grad_fn=<DivBackward0>)",0.9366666666666666,TransductiveGAT
490,"tensor(3.6458e-05, device='cuda:0', grad_fn=<DivBackward0>)",0.9366666666666666,TransductiveGAT
491,"tensor(3.7995e-05, device='cuda:0', grad_fn=<DivBackward0>)",0.9333333333333333,TransductiveGAT
492,"tensor(3.7758e-05, device='cuda:0', grad_fn=<DivBackward0>)",0.93,TransductiveGAT
493,"tensor(2.8946e-05, device='cuda:0', grad_fn=<DivBackward0>)",0.9233333333333333,TransductiveGAT
494,"tensor(3.2282e-05, device='cuda:0', grad_fn=<DivBackward0>)",0.91,TransductiveGAT
495,"tensor(4.9104e-05, device='cuda:0', grad_fn=<DivBackward0>)",0.9133333333333333,TransductiveGAT
496,"tensor(4.3805e-05, device='cuda:0', grad_fn=<DivBackward0>)",0.92,TransductiveGAT
497,"tensor(2.3093e-05, device='cuda:0', grad_fn=<DivBackward0>)",0.92,TransductiveGAT
498,"tensor(4.0863e-05, device='cuda:0', grad_fn=<DivBackward0>)",0.92,TransductiveGAT
499,"tensor(3.1406e-05, device='cuda:0', grad_fn=<DivBackward0>)",0.92,TransductiveGAT
500,"tensor(7.2313e-05, device='cuda:0', grad_fn=<DivBackward0>)",0.93,TransductiveGAT
501,"tensor(3.3207e-05, device='cuda:0', grad_fn=<DivBackward0>)",0.9266666666666666,TransductiveGAT
502,"tensor(8.9728e-05, device='cuda:0', grad_fn=<DivBackward0>)",0.93,TransductiveGAT
503,"tensor(4.7425e-05, device='cuda:0', grad_fn=<DivBackward0>)",0.9233333333333333,TransductiveGAT
504,"tensor(2.5381e-05, device='cuda:0', grad_fn=<DivBackward0>)",0.9266666666666666,TransductiveGAT
505,"tensor(4.3113e-05, device='cuda:0', grad_fn=<DivBackward0>)",0.9366666666666666,TransductiveGAT
506,"tensor(5.9574e-05, device='cuda:0', grad_fn=<DivBackward0>)",0.9333333333333333,TransductiveGAT
507,"tensor(2.4005e-05, device='cuda:0', grad_fn=<DivBackward0>)",0.93,TransductiveGAT
508,"tensor(3.4534e-05, device='cuda:0', grad_fn=<DivBackward0>)",0.9266666666666666,TransductiveGAT
509,"tensor(2.5005e-05, device='cuda:0', grad_fn=<DivBackward0>)",0.9233333333333333,TransductiveGAT
510,"tensor(2.3638e-05, device='cuda:0', grad_fn=<DivBackward0>)",0.9233333333333333,TransductiveGAT
511,"tensor(3.9837e-05, device='cuda:0', grad_fn=<DivBackward0>)",0.9266666666666666,TransductiveGAT
